id,name
0,"Category: Jane Davis DVM"
1,"Category: Tammy Weaver"
2,"Category: Michael Watts"
3,"Category: Sarah Williams"
4,"Category: Leslie Martin"
5,"Category: Christopher Nelson"
6,"Category: Nicholas Anderson"
7,"Category: Bryan Garza Jr."
8,"Category: Cassandra Collier"
9,"Category: Jesus Stanley"
10,"Category: Travis Hall"
11,"Category: Dr. David Reyes"
12,"Category: Terri Kane"
13,"Category: Robin Combs"
14,"Category: Erica White"
15,"Category: Dr. Amber Buchanan"
16,"Category: Sandra Dawson"
17,"Category: Johnny Marks"
18,"Category: Mario Rhodes"
19,"Category: Brittney Harris"
20,"Category: Elizabeth Myers"
21,"Category: Megan Brown"
22,"Category: Laura Campos"
23,"Category: Olivia Robinson"
24,"Category: Brian Johnson"
25,"Category: Elizabeth Mcmillan"
26,"Category: Adam Olson"
27,"Category: Joseph Schaefer"
28,"Category: Lindsay Deleon"
29,"Category: Christina Hughes"
